timestamp_utc,label_index,label_name
2025-10-19T16:13:01.073201,0,My
2025-10-19T16:13:01.095793,0,My
2025-10-19T16:13:01.118301,0,My
2025-10-19T16:13:01.141905,0,My
2025-10-19T16:13:01.165535,0,My
2025-10-19T16:13:01.187635,0,My
2025-10-19T16:13:01.211903,0,My
2025-10-19T16:13:01.234134,0,My
2025-10-19T16:13:01.256580,0,My
2025-10-19T16:13:01.283263,0,My
2025-10-19T16:13:01.317355,0,My
2025-10-19T16:13:01.364027,0,My
2025-10-19T16:13:01.396184,0,My
2025-10-19T16:13:01.426246,0,My
2025-10-19T16:13:01.460618,0,My
2025-10-19T16:13:01.491791,0,My
2025-10-19T16:13:01.523085,0,My
2025-10-19T16:13:01.555193,0,My
2025-10-19T16:13:01.587540,0,My
2025-10-19T16:13:01.620398,0,My
2025-10-19T16:13:01.652325,0,My
2025-10-19T16:13:01.684384,0,My
2025-10-19T16:13:01.716378,0,My
2025-10-19T16:13:01.746572,0,My
2025-10-19T16:13:01.779242,0,My
2025-10-19T16:13:01.843384,0,My
2025-10-19T16:13:01.875247,0,My
2025-10-19T16:13:01.908039,0,My
2025-10-19T16:13:01.998231,0,My
2025-10-19T16:13:02.020748,0,My
2025-10-19T16:13:02.045039,0,My
2025-10-19T16:13:02.067205,0,My
2025-10-19T16:13:02.093067,0,My
2025-10-19T16:13:02.116006,0,My
2025-10-19T16:13:02.148519,0,My
2025-10-19T16:13:02.180716,0,My
2025-10-19T16:13:02.245166,0,My
2025-10-19T16:13:02.276169,0,My
2025-10-19T16:13:02.308592,0,My
2025-10-19T16:13:02.342108,0,My
2025-10-19T16:13:02.373657,0,My
2025-10-19T16:13:02.405716,0,My
2025-10-19T16:13:02.437246,0,My
2025-10-19T16:13:02.469784,0,My
2025-10-19T16:13:02.501851,0,My
2025-10-19T16:13:02.533509,0,My
2025-10-19T16:13:02.566013,0,My
2025-10-19T16:13:02.596292,0,My
2025-10-19T16:13:02.644186,0,My
2025-10-19T16:13:02.675774,0,My
2025-10-19T16:13:02.708512,0,My
2025-10-19T16:13:02.740277,0,My
2025-10-19T16:13:02.772337,0,My
2025-10-19T16:13:02.803624,0,My
2025-10-19T16:13:02.836191,0,My
2025-10-19T16:13:02.868525,0,My
2025-10-19T16:13:02.899928,0,My
2025-10-19T16:13:02.931878,0,My
2025-10-19T16:13:02.962556,0,My
2025-10-19T16:13:02.995974,0,My
2025-10-19T16:13:03.027478,0,My
2025-10-19T16:13:03.060137,0,My
2025-10-19T16:13:03.091972,0,My
2025-10-19T16:13:03.123168,0,My
2025-10-19T16:13:03.154849,0,My
2025-10-19T16:13:03.189254,0,My
2025-10-19T16:13:03.219304,0,My
2025-10-19T16:13:03.268072,0,My
2025-10-19T16:13:03.300227,0,My
2025-10-19T16:13:03.332254,0,My
2025-10-19T16:13:03.363579,0,My
2025-10-19T16:13:03.394458,0,My
2025-10-19T16:13:03.426565,0,My
2025-10-19T16:13:03.460404,0,My
2025-10-19T16:13:03.494700,0,My
2025-10-19T16:13:03.526865,0,My
2025-10-19T16:13:03.559397,0,My
2025-10-19T16:13:03.589417,0,My
2025-10-19T16:13:03.624074,0,My
2025-10-19T16:13:03.655598,0,My
2025-10-19T16:13:03.687200,0,My
2025-10-19T16:13:03.718675,0,My
2025-10-19T16:13:03.750266,0,My
2025-10-19T16:13:03.787471,0,My
2025-10-19T16:13:03.849990,0,My
2025-10-19T16:13:03.882892,0,My
2025-10-19T16:13:03.931411,0,My
2025-10-19T16:13:03.961830,0,My
2025-10-19T16:13:03.991726,0,My
2025-10-19T16:13:04.022243,0,My
2025-10-19T16:13:04.052328,0,My
2025-10-19T16:13:04.081367,0,My
2025-10-19T16:13:04.107888,0,My
2025-10-19T16:13:04.135308,0,My
2025-10-19T16:13:04.162522,0,My
2025-10-19T16:13:04.189570,0,My
2025-10-19T16:13:04.252083,0,My
2025-10-19T16:13:04.283121,0,My
2025-10-19T16:13:04.312614,0,My
2025-10-19T16:13:04.344168,0,My
2025-10-19T16:13:04.375387,0,My
2025-10-19T16:13:04.406600,0,My
2025-10-19T16:13:04.441149,0,My
2025-10-19T16:13:04.475677,0,My
2025-10-19T16:13:04.508498,0,My
2025-10-19T16:13:04.534381,0,My
2025-10-19T16:13:04.581562,0,My
2025-10-19T16:13:04.607090,0,My
2025-10-19T16:13:04.645611,0,My
2025-10-19T16:13:04.675846,0,My
2025-10-19T16:13:04.708987,0,My
2025-10-19T16:13:04.741492,0,My
2025-10-19T16:13:04.772031,0,My
2025-10-19T16:13:04.805092,0,My
2025-10-19T16:13:04.836615,0,My
2025-10-19T16:13:04.867920,0,My
2025-10-19T16:13:04.900393,0,My
2025-10-19T16:13:04.932301,0,My
2025-10-19T16:13:04.963778,0,My
2025-10-19T16:13:04.996002,0,My
2025-10-19T16:13:05.028537,0,My
2025-10-19T16:13:05.060314,0,My
2025-10-19T16:13:05.091583,0,My
2025-10-19T16:13:05.124029,0,My
2025-10-19T16:13:05.156387,0,My
2025-10-19T16:13:05.203647,0,My
2025-10-19T16:13:05.235631,0,My
2025-10-19T16:13:05.267248,0,My
2025-10-19T16:13:05.300123,0,My
2025-10-19T16:13:05.330939,0,My
2025-10-19T16:13:05.362810,0,My
2025-10-19T16:13:05.395756,0,My
2025-10-19T16:13:05.426757,0,My
2025-10-19T16:13:05.460155,0,My
2025-10-19T16:13:05.492445,0,My
2025-10-19T16:13:05.524514,0,My
2025-10-19T16:13:05.555477,0,My
2025-10-19T16:13:05.588110,0,My
2025-10-19T16:13:05.621641,0,My
2025-10-19T16:13:05.653162,0,My
2025-10-19T16:13:05.684836,0,My
2025-10-19T16:13:05.715587,0,My
2025-10-19T16:13:05.747888,0,My
2025-10-19T16:13:05.780155,0,My
2025-10-19T16:13:05.858761,0,My
2025-10-19T16:13:05.881211,0,My
2025-10-19T16:13:05.904793,0,My
2025-10-19T16:13:05.927965,0,My
2025-10-19T16:13:05.956317,0,My
2025-10-19T16:13:05.987664,0,My
2025-10-19T16:13:06.019434,0,My
2025-10-19T16:13:06.051383,0,My
2025-10-19T16:13:06.083344,0,My
2025-10-19T16:13:06.116314,0,My
2025-10-19T16:13:06.148102,0,My
2025-10-19T16:13:06.179521,0,My
2025-10-19T16:13:06.244417,0,My
2025-10-19T16:13:06.275637,0,My
2025-10-19T16:13:06.307665,0,My
2025-10-19T16:13:06.339727,0,My
2025-10-19T16:13:06.372460,0,My
2025-10-19T16:13:06.402717,0,My
2025-10-19T16:13:06.436277,0,My
2025-10-19T16:13:06.483825,0,My
2025-10-19T16:13:06.515465,0,My
2025-10-19T16:13:06.538976,0,My
2025-10-19T16:13:06.562193,0,My
2025-10-19T16:13:06.583952,0,My
2025-10-19T16:13:06.648145,0,My
2025-10-19T16:13:06.679053,0,My
2025-10-19T16:13:06.708662,0,My
2025-10-19T16:13:06.740300,0,My
2025-10-19T16:13:06.771450,0,My
2025-10-19T16:13:06.803333,0,My
2025-10-19T16:13:06.834677,0,My
2025-10-19T16:13:06.869317,0,My
2025-10-19T16:13:06.898308,0,My
2025-10-19T16:13:06.930808,0,My
2025-10-19T16:13:06.964316,0,My
2025-10-19T16:13:06.996227,0,My
2025-10-19T16:13:07.028077,0,My
2025-10-19T16:13:07.060375,0,My
2025-10-19T16:13:07.091895,0,My
2025-10-19T16:13:07.139675,0,My
2025-10-19T16:13:07.172118,0,My
2025-10-19T16:13:07.203825,0,My
2025-10-19T16:13:07.236440,0,My
2025-10-19T16:13:07.267523,0,My
2025-10-19T16:13:07.299848,0,My
2025-10-19T16:13:07.331198,0,My
2025-10-19T16:13:07.364327,0,My
2025-10-19T16:13:07.396953,0,My
2025-10-19T16:13:07.426551,0,My
2025-10-19T16:13:07.459954,0,My
2025-10-19T16:13:07.491848,0,My
2025-10-19T16:13:07.524265,0,My
2025-10-19T16:13:07.556615,0,My
2025-10-19T16:13:07.588030,0,My
2025-10-19T16:13:07.620509,0,My
2025-10-19T16:13:07.651770,0,My
2025-10-19T16:13:07.684573,0,My
2025-10-19T16:13:07.716606,0,My
2025-10-19T16:13:07.765501,0,My
2025-10-19T16:13:07.795918,0,My
2025-10-19T16:13:07.828483,0,My
2025-10-19T16:13:07.860311,0,My
2025-10-19T16:13:07.891223,0,My
2025-10-19T16:13:07.924386,0,My
2025-10-19T16:13:07.956398,0,My
2025-10-19T16:13:07.987899,0,My
2025-10-19T16:13:08.019624,0,My
2025-10-19T16:13:08.051537,0,My
2025-10-19T16:13:08.084274,0,My
2025-10-19T16:13:08.116368,0,My
2025-10-19T16:13:08.148323,0,My
2025-10-19T16:13:08.180318,0,My
2025-10-19T16:13:08.243085,0,My
2025-10-19T16:13:08.275005,0,My
2025-10-19T16:13:08.307317,0,My
2025-10-19T16:13:08.339701,0,My
2025-10-19T16:13:08.372467,0,My
2025-10-19T16:13:08.421528,0,My
2025-10-19T16:13:08.452439,0,My
2025-10-19T16:13:08.474664,0,My
2025-10-19T16:13:08.498336,0,My
2025-10-19T16:13:08.521004,0,My
2025-10-19T16:13:08.548288,0,My
2025-10-19T16:13:08.580379,0,My
2025-10-19T16:13:08.644602,0,My
2025-10-19T16:13:08.674940,0,My
2025-10-19T16:13:08.706584,0,My
2025-10-19T16:13:08.738688,0,My
2025-10-19T16:13:08.771551,0,My
2025-10-19T16:13:08.803706,0,My
2025-10-19T16:13:08.835552,0,My
2025-10-19T16:13:08.868436,0,My
2025-10-19T16:13:08.901099,0,My
2025-10-19T16:13:08.932579,0,My
2025-10-19T16:13:08.962867,0,My
2025-10-19T16:13:08.995472,0,My
2025-10-19T16:13:09.043581,0,My
2025-10-19T16:13:09.075673,0,My
2025-10-19T16:13:09.107950,0,My
2025-10-19T16:13:09.139978,0,My
2025-10-19T16:13:09.172445,0,My
2025-10-19T16:13:09.203020,0,My
2025-10-19T16:13:09.236412,0,My
2025-10-19T16:13:09.267885,0,My
2025-10-19T16:13:09.299989,0,My
2025-10-19T16:13:09.332360,0,My
2025-10-19T16:13:09.363308,0,My
2025-10-19T16:13:09.396159,0,My
2025-10-19T16:13:09.427377,0,My
2025-10-19T16:13:09.458956,0,My
2025-10-19T16:13:09.491282,0,My
2025-10-19T16:13:09.522913,0,My
2025-10-19T16:13:09.554968,0,My
2025-10-19T16:13:09.587041,0,My
2025-10-19T16:13:09.619272,0,My
2025-10-19T16:13:09.651085,0,My
2025-10-19T16:13:09.699167,0,My
2025-10-19T16:13:09.732673,0,My
2025-10-19T16:13:09.764037,0,My
2025-10-19T16:13:09.795718,0,My
2025-10-19T16:13:09.827386,0,My
2025-10-19T16:13:09.860643,0,My
2025-10-19T16:13:09.890957,0,My
2025-10-19T16:13:09.924572,0,My
2025-10-19T16:13:09.956451,0,My
2025-10-19T16:13:09.987267,0,My
2025-10-19T16:13:10.019115,0,My
2025-10-19T16:13:10.051916,0,My
2025-10-19T16:13:10.084500,0,My
2025-10-19T16:13:10.116244,0,My
2025-10-19T16:13:10.147599,0,My
2025-10-19T16:13:10.179354,0,My
2025-10-19T16:13:10.243359,0,My
2025-10-19T16:13:10.274523,0,My
2025-10-19T16:13:10.323296,0,My
2025-10-19T16:13:10.355416,0,My
2025-10-19T16:13:10.379459,0,My
2025-10-19T16:13:10.402402,0,My
2025-10-19T16:13:10.425342,0,My
2025-10-19T16:13:10.451826,0,My
2025-10-19T16:13:10.482912,0,My
2025-10-19T16:13:10.514839,0,My
2025-10-19T16:13:10.548313,0,My
2025-10-19T16:13:10.580166,0,My
2025-10-19T16:13:10.643583,0,My
2025-10-19T16:13:10.675684,0,My
2025-10-19T16:13:10.708042,0,My
2025-10-19T16:13:10.739705,0,My
2025-10-19T16:13:10.772347,0,My
2025-10-19T16:13:10.803552,0,My
2025-10-19T16:13:10.835006,0,My
2025-10-19T16:13:10.868549,0,My
2025-10-19T16:13:10.899912,0,My
2025-10-19T16:13:10.931005,0,My
2025-10-19T16:13:10.979599,0,My
2025-10-19T16:13:11.011447,0,My
2025-10-19T16:13:11.043138,0,My
2025-10-19T16:13:11.076184,0,My
2025-10-19T16:13:11.108533,0,My
2025-10-19T16:13:11.140246,0,My
2025-10-19T16:13:11.171730,0,My
2025-10-19T16:13:11.203779,0,My
2025-10-19T16:13:11.238592,0,My
2025-10-19T16:13:11.269106,0,My
2025-10-19T16:13:11.302129,0,My
2025-10-19T16:13:11.332417,0,My
2025-10-19T16:13:11.365933,0,My
2025-10-19T16:13:11.396983,0,My
2025-10-19T16:13:11.428498,0,My
2025-10-19T16:13:11.460041,0,My
2025-10-19T16:13:11.492332,0,My
2025-10-19T16:13:11.523290,0,My
2025-10-19T16:13:11.556456,0,My
2025-10-19T16:13:11.604670,0,My
2025-10-19T16:13:11.635884,0,My
2025-10-19T16:13:11.668168,0,My
2025-10-19T16:13:11.699671,0,My
2025-10-19T16:13:11.732295,0,My
2025-10-19T16:13:11.764258,0,My
2025-10-19T16:13:11.795844,0,My
2025-10-19T16:13:11.828311,0,My
2025-10-19T16:13:11.859466,0,My
2025-10-19T16:13:11.890816,0,My
2025-10-19T16:13:11.923887,0,My
2025-10-19T16:13:11.955993,0,My
2025-10-19T16:13:11.986524,0,My
2025-10-19T16:13:12.019885,0,My
2025-10-19T16:13:12.052060,0,My
2025-10-19T16:13:12.083968,0,My
2025-10-19T16:13:12.115773,0,My
2025-10-19T16:13:12.148327,0,My
2025-10-19T16:13:12.180536,0,My
2025-10-19T16:13:12.259376,0,My
2025-10-19T16:13:12.291588,0,My
2025-10-19T16:13:12.315305,0,My
2025-10-19T16:13:12.336641,0,My
2025-10-19T16:13:12.359180,0,My
2025-10-19T16:13:12.387422,0,My
2025-10-19T16:13:12.420689,0,My
2025-10-19T16:13:12.452146,0,My
2025-10-19T16:13:12.484286,0,My
2025-10-19T16:13:12.516249,0,My
2025-10-19T16:13:12.547921,0,My
2025-10-19T16:13:12.579811,0,My
2025-10-19T16:13:12.643351,0,My
2025-10-19T16:13:12.676289,0,My
2025-10-19T16:13:12.707636,0,My
2025-10-19T16:13:12.739374,0,My
2025-10-19T16:13:12.772404,0,My
2025-10-19T16:13:12.805234,0,My
2025-10-19T16:13:12.835168,0,My
2025-10-19T16:13:12.882079,0,My
2025-10-19T16:13:12.916192,0,My
2025-10-19T16:13:12.940604,0,My
2025-10-19T16:13:12.963619,0,My
2025-10-19T16:13:12.986910,0,My
2025-10-19T16:13:13.043237,0,My
2025-10-19T16:13:13.076235,0,My
2025-10-19T16:13:13.106608,0,My
2025-10-19T16:13:13.140156,0,My
2025-10-19T16:13:13.169681,0,My
2025-10-19T16:13:13.203731,0,My
2025-10-19T16:13:13.236083,0,My
2025-10-19T16:13:13.267430,0,My
2025-10-19T16:13:13.298797,0,My
2025-10-19T16:13:13.332326,0,My
2025-10-19T16:13:13.364348,0,My
2025-10-19T16:13:13.395228,0,My
2025-10-19T16:13:13.428526,0,My
2025-10-19T16:13:13.459643,0,My
2025-10-19T16:13:13.490534,0,My
2025-10-19T16:13:13.540424,0,My
2025-10-19T16:13:13.570452,0,My
2025-10-19T16:13:13.604093,0,My
2025-10-19T16:13:13.634865,0,My
2025-10-19T16:13:13.668306,0,My
2025-10-19T16:13:13.699625,0,My
2025-10-19T16:13:13.732238,0,My
2025-10-19T16:13:13.764295,0,My
2025-10-19T16:13:13.795730,0,My
2025-10-19T16:13:13.828247,0,My
2025-10-19T16:13:13.860308,0,My
2025-10-19T16:13:13.890881,0,My
2025-10-19T16:13:13.924435,0,My
2025-10-19T16:13:13.956575,0,My
2025-10-19T16:13:13.987728,0,My
2025-10-19T16:13:14.020568,0,My
2025-10-19T16:13:14.052438,0,My
2025-10-19T16:13:14.084525,0,My
2025-10-19T16:13:14.116746,0,My
2025-10-19T16:13:14.163501,0,My
2025-10-19T16:13:14.195127,0,My
2025-10-19T16:13:14.228066,0,My
2025-10-19T16:13:14.258897,0,My
2025-10-19T16:13:14.292197,0,My
2025-10-19T16:13:14.324207,0,My
2025-10-19T16:13:14.356371,0,My
2025-10-19T16:13:14.388595,0,My
2025-10-19T16:13:14.419379,0,My
2025-10-19T16:13:14.451189,0,My
2025-10-19T16:13:14.483936,0,My
2025-10-19T16:13:14.514560,0,My
2025-10-19T16:13:14.548091,0,My
2025-10-19T16:13:14.579811,0,My
2025-10-19T16:13:14.644316,0,My
2025-10-19T16:13:14.675323,0,My
2025-10-19T16:13:14.707595,0,My
2025-10-19T16:13:14.740284,0,My
2025-10-19T16:13:14.772158,0,My
2025-10-19T16:13:14.820082,0,My
2025-10-19T16:13:14.852657,0,My
2025-10-19T16:13:14.875373,0,My
2025-10-19T16:13:14.898113,0,My
2025-10-19T16:13:14.920950,0,My
2025-10-19T16:13:14.948662,0,My
2025-10-19T16:13:14.980307,0,My
2025-10-19T16:13:15.044447,0,My
2025-10-19T16:13:15.076014,0,My
2025-10-19T16:13:15.107291,0,My
2025-10-19T16:13:15.140064,0,My
2025-10-19T16:13:15.172147,0,My
2025-10-19T16:13:15.203708,0,My
2025-10-19T16:13:15.235883,0,My
2025-10-19T16:13:15.266769,0,My
2025-10-19T16:13:15.300192,0,My
2025-10-19T16:13:15.331800,0,My
2025-10-19T16:13:15.363307,0,My
2025-10-19T16:13:15.395420,0,My
2025-10-19T16:13:15.427642,0,My
2025-10-19T16:13:15.475071,0,My
2025-10-19T16:13:15.508484,0,My
2025-10-19T16:13:15.540425,0,My
2025-10-19T16:13:15.572432,0,My
2025-10-19T16:13:15.604025,0,My
2025-10-19T16:13:15.636301,0,My
2025-10-19T16:13:15.668478,0,My
2025-10-19T16:13:15.700446,0,My
2025-10-19T16:13:15.731440,0,My
2025-10-19T16:13:15.763975,0,My
2025-10-19T16:13:15.796176,0,My
2025-10-19T16:13:15.828335,0,My
2025-10-19T16:13:15.860527,0,My
2025-10-19T16:13:15.892607,0,My
2025-10-19T16:13:15.924006,0,My
2025-10-19T16:13:15.956532,0,My
2025-10-19T16:13:15.990065,0,My
2025-10-19T16:13:16.019684,0,My
2025-10-19T16:13:16.052305,0,My
2025-10-19T16:13:16.100556,0,My
2025-10-19T16:13:16.131546,0,My
2025-10-19T16:13:16.163956,0,My
2025-10-19T16:13:16.196557,0,My
2025-10-19T16:13:16.228452,0,My
2025-10-19T16:13:16.260217,0,My
2025-10-19T16:13:16.292976,0,My
2025-10-19T16:13:16.324180,0,My
2025-10-19T16:13:16.356412,0,My
2025-10-19T16:13:16.388577,0,My
2025-10-19T16:13:16.419783,0,My
2025-10-19T16:13:16.451711,0,My
2025-10-19T16:13:16.483144,0,My
2025-10-19T16:13:16.516515,0,My
2025-10-19T16:13:16.547998,0,My
2025-10-19T16:13:16.578975,0,My
2025-10-19T16:13:16.644438,0,My
2025-10-19T16:13:16.676512,0,My
2025-10-19T16:13:16.708198,0,My
2025-10-19T16:13:16.755045,0,My
2025-10-19T16:13:16.779191,0,My
2025-10-19T16:13:16.800683,0,My
2025-10-19T16:13:16.824260,0,My
2025-10-19T16:13:16.850801,0,My
2025-10-19T16:13:16.884040,0,My
2025-10-19T16:13:16.915555,0,My
2025-10-19T16:13:16.948558,0,My
2025-10-19T16:13:16.980057,0,My
2025-10-19T16:13:17.043492,0,My
2025-10-19T16:13:17.076019,0,My
2025-10-19T16:13:17.107125,0,My
2025-10-19T16:13:17.140285,0,My
2025-10-19T16:13:17.172610,0,My
2025-10-19T16:13:17.203022,0,My
2025-10-19T16:13:17.237121,0,My
2025-10-19T16:13:17.267266,0,My
2025-10-19T16:13:17.300328,0,My
2025-10-19T16:13:17.332430,0,My
2025-10-19T16:13:17.379524,0,My
2025-10-19T16:13:17.411163,0,My
2025-10-19T16:13:17.444222,0,My
2025-10-19T16:13:17.476092,0,My
2025-10-19T16:13:17.507131,0,My
2025-10-19T16:13:17.539994,0,My
2025-10-19T16:13:17.570818,0,My
2025-10-19T16:13:17.603866,0,My
2025-10-19T16:13:17.636340,0,My
2025-10-19T16:13:17.667850,0,My
2025-10-19T16:13:17.700479,0,My
2025-10-19T16:13:17.731983,0,My
2025-10-19T16:13:17.763969,0,My
2025-10-19T16:13:17.795852,0,My
2025-10-19T16:13:17.828230,0,My
2025-10-19T16:13:17.859572,0,My
2025-10-19T16:13:17.892088,0,My
2025-10-19T16:13:17.924152,0,My
2025-10-19T16:13:17.956132,0,My
2025-10-19T16:13:17.988143,0,My
2025-10-19T16:13:18.035617,0,My
2025-10-19T16:13:18.069602,0,My
2025-10-19T16:13:18.100301,0,My
2025-10-19T16:13:18.131877,0,My
2025-10-19T16:13:18.164660,0,My
2025-10-19T16:13:18.195607,0,My
2025-10-19T16:13:18.226697,0,My
2025-10-19T16:13:18.260224,0,My
2025-10-19T16:13:18.291811,0,My
2025-10-19T16:13:18.324297,0,My
2025-10-19T16:13:18.356475,0,My
2025-10-19T16:13:18.388649,0,My
2025-10-19T16:13:18.418871,0,My
2025-10-19T16:13:18.452431,0,My
2025-10-19T16:13:18.483042,0,My
2025-10-19T16:13:18.515621,0,My
2025-10-19T16:13:18.547745,0,My
2025-10-19T16:13:18.579584,0,My
2025-10-19T16:13:18.659299,0,My
2025-10-19T16:13:18.691259,0,My
2025-10-19T16:13:18.714632,0,My
2025-10-19T16:13:18.736099,0,My
2025-10-19T16:13:18.759638,0,My
2025-10-19T16:13:18.789152,0,My
2025-10-19T16:13:18.819589,0,My
2025-10-19T16:13:18.852118,0,My
2025-10-19T16:13:18.883631,0,My
2025-10-19T16:13:18.917679,0,My
2025-10-19T16:13:18.948914,0,My
2025-10-19T16:13:18.979915,0,My
2025-10-19T16:13:19.044238,0,My
2025-10-19T16:13:19.075332,0,My
2025-10-19T16:13:19.107234,0,My
2025-10-19T16:13:19.140471,0,My
2025-10-19T16:13:19.172570,0,My
2025-10-19T16:13:19.203021,0,My
2025-10-19T16:13:19.236119,0,My
2025-10-19T16:13:19.267631,0,My
2025-10-19T16:13:19.316221,0,My
2025-10-19T16:13:19.347677,0,My
2025-10-19T16:13:19.370715,0,My
2025-10-19T16:13:19.393840,0,My
2025-10-19T16:13:19.443935,0,My
2025-10-19T16:13:19.476268,0,My
2025-10-19T16:13:19.507797,0,My
2025-10-19T16:13:19.539858,0,My
2025-10-19T16:13:19.572283,0,My
2025-10-19T16:13:19.603323,0,My
2025-10-19T16:13:19.634072,0,My
2025-10-19T16:13:19.668210,0,My
2025-10-19T16:13:19.699974,0,My
2025-10-19T16:13:19.732168,0,My
2025-10-19T16:13:19.764142,0,My
2025-10-19T16:13:19.796571,0,My
2025-10-19T16:13:19.828181,0,My
2025-10-19T16:13:19.860710,0,My
2025-10-19T16:13:19.892252,0,My
2025-10-19T16:13:19.940020,0,My
2025-10-19T16:13:19.971835,0,My
2025-10-19T16:13:20.004483,0,My
2025-10-19T16:13:20.035741,0,My
2025-10-19T16:13:20.065806,0,My
2025-10-19T16:13:20.099982,0,My
2025-10-19T16:13:20.131176,0,My
2025-10-19T16:13:20.163237,0,My
2025-10-19T16:13:20.196498,0,My
2025-10-19T16:13:20.228082,0,My
2025-10-19T16:13:20.260049,0,My
2025-10-19T16:13:20.292496,0,My
2025-10-19T16:13:20.323429,0,My
2025-10-19T16:13:20.356672,0,My
2025-10-19T16:13:20.389013,0,My
2025-10-19T16:13:20.420045,0,My
2025-10-19T16:13:20.451979,0,My
2025-10-19T16:13:20.484093,0,My
2025-10-19T16:13:20.515653,0,My
2025-10-19T16:13:20.548029,0,My
2025-10-19T16:13:20.596292,0,My
2025-10-19T16:13:20.629274,0,My
2025-10-19T16:13:20.661799,0,My
2025-10-19T16:13:20.692335,0,My
2025-10-19T16:13:20.722228,0,My
2025-10-19T16:13:20.754797,0,My
2025-10-19T16:13:20.788960,0,My
2025-10-19T16:13:20.821873,0,My
2025-10-19T16:13:20.854973,0,My
2025-10-19T16:13:20.884305,0,My
2025-10-19T16:13:20.915412,0,My
2025-10-19T16:13:20.948171,0,My
2025-10-19T16:13:20.982486,0,My
2025-10-19T16:13:21.046930,0,My
2025-10-19T16:13:21.076578,0,My
2025-10-19T16:13:21.107685,0,My
2025-10-19T16:13:21.140429,0,My
2025-10-19T16:13:21.172203,0,My
2025-10-19T16:13:21.219682,0,My
2025-10-19T16:13:21.250826,0,My
2025-10-19T16:13:21.274585,0,My
2025-10-19T16:13:21.297843,0,My
2025-10-19T16:13:21.321059,0,My
2025-10-19T16:13:21.348364,0,My
2025-10-19T16:13:21.379725,0,My
2025-10-19T16:13:21.444891,0,My
2025-10-19T16:13:21.477613,0,My
2025-10-19T16:13:21.508001,0,My
2025-10-19T16:13:21.539689,0,My
2025-10-19T16:13:21.571929,0,My
2025-10-19T16:13:21.603321,0,My
2025-10-19T16:13:21.636587,0,My
2025-10-19T16:13:21.668231,0,My
2025-10-19T16:13:21.699896,0,My
2025-10-19T16:13:21.732181,0,My
2025-10-19T16:13:21.764450,0,My
2025-10-19T16:13:21.796040,0,My
2025-10-19T16:13:21.828315,0,My
2025-10-19T16:13:21.877521,0,My
2025-10-19T16:13:21.910029,0,My
2025-10-19T16:13:21.941127,0,My
2025-10-19T16:13:21.971560,0,My
2025-10-19T16:13:22.003753,0,My
2025-10-19T16:13:22.036275,0,My
2025-10-19T16:13:22.067956,0,My
2025-10-19T16:13:22.099949,0,My
2025-10-19T16:13:22.131136,0,My
2025-10-19T16:13:22.163954,0,My
2025-10-19T16:13:22.195571,0,My
2025-10-19T16:13:22.227484,0,My
2025-10-19T16:13:22.260427,0,My
2025-10-19T16:13:22.292675,0,My
2025-10-19T16:13:22.323703,0,My
2025-10-19T16:13:22.356532,0,My
2025-10-19T16:13:22.388319,0,My
2025-10-19T16:13:22.419827,0,My
2025-10-19T16:13:22.451750,0,My
2025-10-19T16:13:22.500236,0,My
2025-10-19T16:13:22.532102,0,My
2025-10-19T16:13:22.562951,0,My
2025-10-19T16:13:22.596299,0,My
2025-10-19T16:13:22.627339,0,My
2025-10-19T16:13:22.661482,0,My
2025-10-19T16:13:22.691656,0,My
2025-10-19T16:13:22.722811,0,My
2025-10-19T16:13:22.755064,0,My
2025-10-19T16:13:22.788143,0,My
2025-10-19T16:13:22.820903,0,My
2025-10-19T16:13:22.852432,0,My
2025-10-19T16:13:22.883609,0,My
2025-10-19T16:13:22.915735,0,My
2025-10-19T16:13:22.947924,0,My
2025-10-19T16:13:22.980292,0,My
2025-10-19T16:13:23.044519,0,My
2025-10-19T16:13:23.076497,0,My
2025-10-19T16:13:23.107953,0,My
2025-10-19T16:13:23.157029,0,My
2025-10-19T16:13:23.187537,0,My
2025-10-19T16:13:23.212218,0,My
2025-10-19T16:13:23.237284,0,My
2025-10-19T16:13:23.260897,0,My
2025-10-19T16:13:23.285154,0,My
2025-10-19T16:13:23.316879,0,My
2025-10-19T16:13:23.350922,0,My
2025-10-19T16:13:23.380220,0,My
2025-10-19T16:13:23.445932,0,My
2025-10-19T16:13:23.478430,0,My
2025-10-19T16:13:23.509043,0,My
2025-10-19T16:13:23.540100,0,My
2025-10-19T16:13:23.572614,0,My
2025-10-19T16:13:23.606148,0,My
2025-10-19T16:13:23.637229,0,My
2025-10-19T16:13:23.669766,0,My
2025-10-19T16:13:23.700827,0,My
2025-10-19T16:13:23.734881,0,My
2025-10-19T16:13:23.781447,0,My
2025-10-19T16:13:23.812068,0,My
2025-10-19T16:13:23.844138,0,My
2025-10-19T16:13:23.876298,0,My
2025-10-19T16:13:23.907207,0,My
2025-10-19T16:13:23.939929,0,My
2025-10-19T16:13:23.972228,0,My
2025-10-19T16:13:24.004015,0,My
2025-10-19T16:13:24.034953,0,My
2025-10-19T16:13:24.067272,0,My
2025-10-19T16:13:24.098942,0,My
2025-10-19T16:13:24.131370,0,My
2025-10-19T16:13:24.164182,0,My
2025-10-19T16:13:24.195901,0,My
2025-10-19T16:13:24.227498,0,My
2025-10-19T16:13:24.260503,0,My
2025-10-19T16:13:24.292211,0,My
2025-10-19T16:13:24.323713,0,My
2025-10-19T16:13:24.356377,0,My
2025-10-19T16:13:24.388350,0,My
2025-10-19T16:13:24.436165,0,My
2025-10-19T16:13:24.468420,0,My
2025-10-19T16:13:24.499856,0,My
2025-10-19T16:13:24.531040,0,My
2025-10-19T16:13:24.563894,0,My
2025-10-19T16:13:24.596072,0,My
2025-10-19T16:13:24.627514,0,My
2025-10-19T16:13:24.659059,0,My
2025-10-19T16:13:24.691955,0,My
2025-10-19T16:13:24.723434,0,My
2025-10-19T16:13:24.756478,0,My
2025-10-19T16:13:24.788442,0,My
2025-10-19T16:13:24.820450,0,My
2025-10-19T16:13:24.852606,0,My
2025-10-19T16:13:24.884426,0,My
2025-10-19T16:13:24.916473,0,My
2025-10-19T16:13:24.948436,0,My
2025-10-19T16:13:24.979169,0,My
2025-10-19T16:13:25.044263,0,My
2025-10-19T16:13:25.092438,0,My
2025-10-19T16:13:25.115786,0,My
2025-10-19T16:13:25.138567,0,My
2025-10-19T16:13:25.160658,0,My
2025-10-19T16:13:25.186677,0,My
2025-10-19T16:13:25.219908,0,My
2025-10-19T16:13:25.252553,0,My
2025-10-19T16:13:25.284430,0,My
2025-10-19T16:13:25.316585,0,My
2025-10-19T16:13:25.348288,0,My
2025-10-19T16:13:25.380342,0,My
2025-10-19T16:13:25.444255,0,My
2025-10-19T16:13:25.475171,0,My
2025-10-19T16:13:25.507428,0,My
2025-10-19T16:13:25.538884,0,My
2025-10-19T16:13:25.570751,0,My
2025-10-19T16:13:25.604053,0,My
2025-10-19T16:13:25.636427,0,My
2025-10-19T16:13:25.669290,0,My
2025-10-19T16:13:25.714632,0,My
2025-10-19T16:13:25.748390,0,My
2025-10-19T16:13:25.771475,0,My
2025-10-19T16:13:25.793633,0,My
2025-10-19T16:13:25.844663,0,My
2025-10-19T16:13:25.876395,0,My
2025-10-19T16:13:25.907902,0,My
2025-10-19T16:13:25.939763,0,My
2025-10-19T16:13:25.971990,0,My
2025-10-19T16:13:26.004232,0,My
2025-10-19T16:13:26.035199,0,My
2025-10-19T16:13:26.067294,0,My
2025-10-19T16:13:26.100060,0,My
2025-10-19T16:13:26.132102,0,My
2025-10-19T16:13:26.164498,0,My
2025-10-19T16:13:26.196546,0,My
2025-10-19T16:13:26.227070,0,My
2025-10-19T16:13:26.260483,0,My
2025-10-19T16:13:26.292105,0,My
2025-10-19T16:13:26.323788,0,My
2025-10-19T16:13:26.370934,0,My
2025-10-19T16:13:26.403008,0,My
2025-10-19T16:13:26.436539,0,My
2025-10-19T16:13:26.468087,0,My
2025-10-19T16:13:26.497493,0,My
2025-10-19T16:13:26.531737,0,My
2025-10-19T16:13:26.563128,0,My
2025-10-19T16:13:26.595461,0,My
2025-10-19T16:13:26.627710,0,My
2025-10-19T16:13:26.660467,0,My
2025-10-19T16:13:26.691982,0,My
2025-10-19T16:13:26.724590,0,My
2025-10-19T16:13:26.755616,0,My
2025-10-19T16:13:26.787601,0,My
2025-10-19T16:13:26.819173,0,My
2025-10-19T16:13:26.851428,0,My
2025-10-19T16:13:26.883937,0,My
2025-10-19T16:13:26.915093,0,My
2025-10-19T16:13:26.948474,0,My
2025-10-19T16:13:26.995443,0,My
2025-10-19T16:13:27.028040,0,My
2025-10-19T16:13:27.058785,0,My
2025-10-19T16:13:27.091347,0,My
2025-10-19T16:13:27.124252,0,My
2025-10-19T16:13:27.156744,0,My
2025-10-19T16:13:27.188223,0,My
2025-10-19T16:13:27.220037,0,My
2025-10-19T16:13:27.251335,0,My
2025-10-19T16:13:27.284290,0,My
2025-10-19T16:13:27.315163,0,My
2025-10-19T16:13:27.347403,0,My
2025-10-19T16:13:27.379475,0,My
2025-10-19T16:13:27.443367,0,My
2025-10-19T16:13:27.476534,0,My
2025-10-19T16:13:27.506476,0,My
2025-10-19T16:13:27.539378,0,My
2025-10-19T16:13:27.572262,0,My
2025-10-19T16:13:27.604371,0,My
2025-10-19T16:13:27.650573,0,My
2025-10-19T16:13:27.673908,0,My
2025-10-19T16:13:27.695670,0,My
2025-10-19T16:13:27.719658,0,My
2025-10-19T16:13:27.749920,0,My
2025-10-19T16:13:27.780039,0,My
2025-10-19T16:13:27.842683,0,My
2025-10-19T16:13:27.875212,0,My
2025-10-19T16:13:27.908051,0,My
2025-10-19T16:13:27.938782,0,My
2025-10-19T16:13:27.971928,0,My
2025-10-19T16:13:28.004222,0,My
2025-10-19T16:13:28.036797,0,My
2025-10-19T16:13:28.067736,0,My
2025-10-19T16:13:28.099102,0,My
2025-10-19T16:13:28.131623,0,My
2025-10-19T16:13:28.166343,0,My
2025-10-19T16:13:28.195982,0,My
2025-10-19T16:13:28.228026,0,My
2025-10-19T16:13:28.275632,0,My
2025-10-19T16:13:28.308361,0,My
2025-10-19T16:13:28.339229,0,My
2025-10-19T16:13:28.370882,0,My
2025-10-19T16:13:28.403320,0,My
2025-10-19T16:13:28.435842,0,My
2025-10-19T16:13:28.468562,0,My
2025-10-19T16:13:28.500134,0,My
2025-10-19T16:13:28.531782,0,My
2025-10-19T16:13:28.562625,0,My
2025-10-19T16:13:28.594942,0,My
2025-10-19T16:13:28.628686,0,My
2025-10-19T16:13:28.659343,0,My
2025-10-19T16:13:28.691339,0,My
2025-10-19T16:13:28.722293,0,My
2025-10-19T16:13:28.755959,0,My
2025-10-19T16:13:28.788864,0,My
2025-10-19T16:13:28.819067,0,My
2025-10-19T16:13:28.850882,0,My
2025-10-19T16:13:28.883303,0,My
2025-10-19T16:13:28.931466,0,My
2025-10-19T16:13:28.963368,0,My
2025-10-19T16:13:28.995485,0,My
2025-10-19T16:13:29.027881,0,My
2025-10-19T16:13:29.060627,0,My
2025-10-19T16:13:29.091651,0,My
2025-10-19T16:13:29.123645,0,My
2025-10-19T16:13:29.156400,0,My
2025-10-19T16:13:29.189617,0,My
2025-10-19T16:13:29.220256,0,My
2025-10-19T16:13:29.252296,0,My
2025-10-19T16:13:29.284407,0,My
2025-10-19T16:13:29.315633,0,My
2025-10-19T16:13:29.347445,0,My
2025-10-19T16:13:29.378543,0,My
2025-10-19T16:13:29.443036,0,My
2025-10-19T16:13:29.476426,0,My
2025-10-19T16:13:29.507931,0,My
2025-10-19T16:13:29.556185,0,My
2025-10-19T16:13:29.587486,0,My
2025-10-19T16:13:29.610267,0,My
2025-10-19T16:13:29.632304,0,My
2025-10-19T16:13:29.654049,0,My
2025-10-19T16:13:29.684064,0,My
2025-10-19T16:13:29.715967,0,My
2025-10-19T16:13:29.746906,0,My
2025-10-19T16:13:29.779784,0,My
2025-10-19T16:13:29.844360,0,My
2025-10-19T16:13:29.876327,0,My
2025-10-19T16:13:29.907914,0,My
2025-10-19T16:13:29.940532,0,My
2025-10-19T16:13:29.972320,0,My
2025-10-19T16:13:30.004840,0,My
2025-10-19T16:13:30.036347,0,My
2025-10-19T16:13:30.068885,0,My
2025-10-19T16:13:30.101393,0,My
2025-10-19T16:13:30.133433,0,My
2025-10-19T16:13:30.163963,0,My
2025-10-19T16:13:30.211478,0,My
2025-10-19T16:13:30.244024,0,My
2025-10-19T16:13:30.276986,0,My
2025-10-19T16:13:30.307939,0,My
2025-10-19T16:13:30.339015,0,My
2025-10-19T16:13:30.372289,0,My
2025-10-19T16:13:30.404458,0,My
2025-10-19T16:13:30.435964,0,My
2025-10-19T16:13:30.468426,0,My
2025-10-19T16:13:30.499686,0,My
2025-10-19T16:13:30.531808,0,My
2025-10-19T16:13:30.561698,0,My
2025-10-19T16:13:30.595878,0,My
2025-10-19T16:13:30.628867,0,My
2025-10-19T16:13:30.660474,0,My
2025-10-19T16:13:30.692078,0,My
2025-10-19T16:13:30.723177,0,My
2025-10-19T16:13:30.755765,0,My
2025-10-19T16:13:30.787743,0,My
2025-10-19T16:13:30.835385,0,My
2025-10-19T16:13:30.867549,0,My
2025-10-19T16:13:30.900060,0,My
2025-10-19T16:13:30.931905,0,My
2025-10-19T16:13:30.963584,0,My
2025-10-19T16:13:30.996090,0,My
2025-10-19T16:13:31.027139,0,My
2025-10-19T16:13:31.059469,0,My
2025-10-19T16:13:31.090819,0,My
2025-10-19T16:13:31.123378,0,My
2025-10-19T16:13:31.155695,0,My
2025-10-19T16:13:31.188138,0,My
2025-10-19T16:13:31.219799,0,My
2025-10-19T16:13:31.252033,0,My
2025-10-19T16:13:31.284702,0,My
2025-10-19T16:13:31.315939,0,My
2025-10-19T16:13:31.347848,0,My
2025-10-19T16:13:31.380338,0,My
2025-10-19T16:13:31.442837,0,My
2025-10-19T16:13:31.491880,0,My
2025-10-19T16:13:31.523711,0,My
2025-10-19T16:13:31.546083,0,My
2025-10-19T16:13:31.568876,0,My
2025-10-19T16:13:31.592161,0,My
2025-10-19T16:13:31.620488,0,My
2025-10-19T16:13:31.651469,0,My
2025-10-19T16:13:31.684068,0,My
2025-10-19T16:13:31.716284,0,My
2025-10-19T16:13:31.746789,0,My
2025-10-19T16:13:31.779827,0,My
2025-10-19T16:13:31.843785,0,My
2025-10-19T16:13:31.875565,0,My
2025-10-19T16:13:31.907887,0,My
2025-10-19T16:13:31.940805,0,My
2025-10-19T16:13:31.972257,0,My
2025-10-19T16:13:32.003541,0,My
2025-10-19T16:13:32.035905,0,My
2025-10-19T16:13:32.068253,0,My
2025-10-19T16:13:32.114844,0,My
2025-10-19T16:13:32.146384,0,My
2025-10-19T16:13:32.170683,0,My
2025-10-19T16:13:32.192829,0,My
2025-10-19T16:13:32.244813,0,My
2025-10-19T16:13:32.276151,0,My
2025-10-19T16:13:32.308112,0,My
2025-10-19T16:13:32.339255,0,My
2025-10-19T16:13:32.372133,0,My
2025-10-19T16:13:32.404097,0,My
2025-10-19T16:13:32.435106,0,My
2025-10-19T16:13:32.468384,0,My
2025-10-19T16:13:32.499477,0,My
2025-10-19T16:13:32.531164,0,My
2025-10-19T16:13:32.562660,0,My
2025-10-19T16:13:32.596555,0,My
2025-10-19T16:13:32.627767,0,My
2025-10-19T16:13:32.660210,0,My
2025-10-19T16:13:32.691704,0,My
2025-10-19T16:13:32.724230,0,My
2025-10-19T16:13:32.771744,0,My
2025-10-19T16:13:32.804279,0,My
2025-10-19T16:13:32.838367,0,My
2025-10-19T16:13:32.868891,0,My
2025-10-19T16:13:32.900426,0,My
2025-10-19T16:13:32.933060,0,My
2025-10-19T16:13:32.965097,0,My
2025-10-19T16:13:32.997261,0,My
2025-10-19T16:13:33.029806,0,My
2025-10-19T16:13:33.061850,0,My
2025-10-19T16:13:33.093373,0,My
2025-10-19T16:13:33.127051,0,My
2025-10-19T16:13:33.157326,0,My
2025-10-19T16:13:33.187864,0,My
2025-10-19T16:13:33.219632,0,My
2025-10-19T16:13:33.252543,0,My
2025-10-19T16:13:33.284068,0,My
2025-10-19T16:13:33.315599,0,My
2025-10-19T16:13:33.346767,0,My
2025-10-19T16:13:33.394490,0,My
2025-10-19T16:13:33.428289,0,My
2025-10-19T16:13:33.460361,0,My
2025-10-19T16:13:33.490872,0,My
2025-10-19T16:13:33.526247,0,My
2025-10-19T16:13:33.556620,0,My
2025-10-19T16:13:33.587692,0,My
2025-10-19T16:13:33.619834,0,My
2025-10-19T16:13:33.651738,0,My
2025-10-19T16:13:33.682639,0,My
2025-10-19T16:13:33.715832,0,My
2025-10-19T16:13:33.747792,0,My
2025-10-19T16:13:33.782308,0,My
2025-10-19T16:13:33.846363,0,My
2025-10-19T16:13:33.878866,0,My
2025-10-19T16:13:33.910288,0,My
2025-10-19T16:13:33.941335,0,My
2025-10-19T16:13:33.973203,0,My
2025-10-19T16:13:34.004383,0,My
2025-10-19T16:13:34.053917,0,My
2025-10-19T16:13:34.085456,0,My
2025-10-19T16:13:34.110601,0,My
2025-10-19T16:13:34.135119,0,My
2025-10-19T16:13:34.158839,0,My
2025-10-19T16:13:34.183376,0,My
2025-10-19T16:13:34.243988,0,My
2025-10-19T16:13:34.275608,0,My
2025-10-19T16:13:34.308839,0,My
2025-10-19T16:13:34.339523,0,My
2025-10-19T16:13:34.371907,0,My
2025-10-19T16:13:34.402776,0,My
2025-10-19T16:13:34.435993,0,My
2025-10-19T16:13:34.468169,0,My
2025-10-19T16:13:34.500363,0,My
2025-10-19T16:13:34.531836,0,My
2025-10-19T16:13:34.563818,0,My
2025-10-19T16:13:34.596675,0,My
2025-10-19T16:13:34.628616,0,My
2025-10-19T16:13:34.676421,0,My
2025-10-19T16:13:34.708411,0,My
2025-10-19T16:13:34.739953,0,My
2025-10-19T16:13:34.770920,0,My
2025-10-19T16:13:34.803627,0,My
2025-10-19T16:13:34.833682,0,My
2025-10-19T16:13:34.867428,0,My
2025-10-19T16:13:34.899230,0,My
2025-10-19T16:13:34.931434,0,My
2025-10-19T16:13:34.964421,0,My
2025-10-19T16:13:34.997554,0,My
2025-10-19T16:13:35.027876,0,My
2025-10-19T16:13:35.059297,0,My
2025-10-19T16:13:35.090604,0,My
2025-10-19T16:13:35.123422,0,My
2025-10-19T16:13:35.155483,0,My
2025-10-19T16:13:35.187534,0,My
2025-10-19T16:13:35.219482,0,My
2025-10-19T16:13:35.252847,0,My
2025-10-19T16:13:35.283985,0,My
2025-10-19T16:13:35.331527,0,My
2025-10-19T16:13:35.363316,0,My
2025-10-19T16:13:35.396140,0,My
2025-10-19T16:13:35.428512,0,My
2025-10-19T16:13:35.461578,0,My
2025-10-19T16:13:35.492311,0,My
2025-10-19T16:13:35.525174,0,My
2025-10-19T16:13:35.555983,0,My
2025-10-19T16:13:35.589403,0,My
2025-10-19T16:13:35.620826,0,My
2025-10-19T16:13:35.652899,0,My
2025-10-19T16:13:35.686433,0,My
2025-10-19T16:13:35.718474,0,My
2025-10-19T16:13:35.750175,0,My
2025-10-19T16:13:35.782703,0,My
2025-10-19T16:13:35.845744,0,My
2025-10-19T16:13:35.879279,0,My
2025-10-19T16:13:35.910803,0,My
2025-10-19T16:13:35.941849,0,My
2025-10-19T16:13:35.988801,0,My
2025-10-19T16:13:36.012318,0,My
2025-10-19T16:13:36.034674,0,My
2025-10-19T16:13:36.058558,0,My
2025-10-19T16:13:36.084097,0,My
2025-10-19T16:13:36.116420,0,My
2025-10-19T16:13:36.149710,0,My
2025-10-19T16:13:36.253164,0,My
2025-10-19T16:13:36.277693,0,My
2025-10-19T16:13:36.309218,0,My
2025-10-19T16:13:36.339764,0,My
2025-10-19T16:13:36.372246,0,My
2025-10-19T16:13:36.405413,0,My
2025-10-19T16:13:36.436469,0,My
2025-10-19T16:13:36.468420,0,My
2025-10-19T16:13:36.500156,0,My
2025-10-19T16:13:36.532411,0,My
2025-10-19T16:13:36.563884,0,My
2025-10-19T16:13:36.611480,0,My
2025-10-19T16:13:36.643898,0,My
2025-10-19T16:13:36.676119,0,My
2025-10-19T16:13:36.706805,0,My
2025-10-19T16:13:36.739527,0,My
2025-10-19T16:13:36.771687,0,My
2025-10-19T16:13:36.803888,0,My
2025-10-19T16:13:36.836180,0,My
2025-10-19T16:13:36.867490,0,My
2025-10-19T16:13:36.900044,0,My
2025-10-19T16:13:36.932424,0,My
2025-10-19T16:13:36.964023,0,My
2025-10-19T16:13:36.995956,0,My
2025-10-19T16:13:37.026701,0,My
2025-10-19T16:13:37.059018,0,My
2025-10-19T16:13:37.092754,0,My
2025-10-19T16:13:37.123944,0,My
2025-10-19T16:13:37.156015,0,My
2025-10-19T16:13:37.188144,0,My
2025-10-19T16:13:37.220038,0,My
2025-10-19T16:13:37.268138,0,My
2025-10-19T16:13:37.300468,0,My
2025-10-19T16:13:37.331660,0,My
2025-10-19T16:13:37.364317,0,My
2025-10-19T16:13:37.395860,0,My
2025-10-19T16:13:37.426609,0,My
2025-10-19T16:13:37.460371,0,My
2025-10-19T16:13:37.491418,0,My
2025-10-19T16:13:37.524621,0,My
2025-10-19T16:13:37.556644,0,My
2025-10-19T16:13:37.586811,0,My
2025-10-19T16:13:37.620362,0,My
2025-10-19T16:13:37.652187,0,My
2025-10-19T16:13:37.684297,0,My
2025-10-19T16:13:37.715687,0,My
2025-10-19T16:13:37.747185,0,My
2025-10-19T16:13:37.780204,0,My
2025-10-19T16:13:37.900805,0,My
2025-10-19T16:13:37.925012,0,My
2025-10-19T16:13:37.948364,0,My
2025-10-19T16:13:37.970354,0,My
2025-10-19T16:13:37.993485,0,My
2025-10-19T16:13:38.019960,0,My
2025-10-19T16:13:38.051350,0,My
2025-10-19T16:13:38.083629,0,My
2025-10-19T16:13:38.116307,0,My
2025-10-19T16:13:38.147831,0,My
2025-10-19T16:13:38.180456,0,My
2025-10-19T16:13:38.243900,0,My
2025-10-19T16:13:38.276318,0,My
2025-10-19T16:13:38.307567,0,My
2025-10-19T16:13:38.339564,0,My
2025-10-19T16:13:38.372460,0,My
2025-10-19T16:13:38.402865,0,My
2025-10-19T16:13:38.435300,0,My
2025-10-19T16:13:38.468429,0,My
2025-10-19T16:13:38.499852,0,My
2025-10-19T16:13:38.546683,0,My
2025-10-19T16:13:38.580297,0,My
2025-10-19T16:13:38.603346,0,My
2025-10-19T16:13:38.643925,0,My
2025-10-19T16:13:38.676021,0,My
2025-10-19T16:13:38.706842,0,My
2025-10-19T16:13:38.740433,0,My
2025-10-19T16:13:38.772066,0,My
2025-10-19T16:13:38.802776,0,My
2025-10-19T16:13:38.835938,0,My
2025-10-19T16:13:38.868630,0,My
2025-10-19T16:13:38.899002,0,My
2025-10-19T16:13:38.932217,0,My
2025-10-19T16:13:38.964232,0,My
2025-10-19T16:13:38.995280,0,My
2025-10-19T16:13:39.027129,0,My
2025-10-19T16:13:39.060018,0,My
2025-10-19T16:13:39.091601,0,My
2025-10-19T16:13:39.122893,0,My
2025-10-19T16:13:39.171113,0,My
2025-10-19T16:13:39.203955,0,My
2025-10-19T16:13:39.236375,0,My
2025-10-19T16:13:39.266946,0,My
2025-10-19T16:13:39.300417,0,My
2025-10-19T16:13:39.332299,0,My
2025-10-19T16:13:39.364359,0,My
2025-10-19T16:13:39.395120,0,My
2025-10-19T16:13:39.427709,0,My
2025-10-19T16:13:39.461002,0,My
2025-10-19T16:13:39.492089,0,My
2025-10-19T16:13:39.524176,0,My
2025-10-19T16:13:39.556226,0,My
2025-10-19T16:13:39.588429,0,My
2025-10-19T16:13:39.620423,0,My
2025-10-19T16:13:39.652002,0,My
2025-10-19T16:13:39.683220,0,My
2025-10-19T16:13:39.716124,0,My
2025-10-19T16:13:39.747329,0,My
2025-10-19T16:13:39.779701,0,My
2025-10-19T16:13:39.858993,0,My
2025-10-19T16:13:39.882594,0,My
2025-10-19T16:13:39.905905,0,My
2025-10-19T16:13:39.929164,0,My
2025-10-19T16:13:39.956756,0,My
2025-10-19T16:13:39.988485,0,My
2025-10-19T16:13:40.019562,0,My
2025-10-19T16:13:40.051487,0,My
2025-10-19T16:13:40.084187,0,My
2025-10-19T16:13:40.115739,0,My
2025-10-19T16:13:40.147271,0,My
2025-10-19T16:13:40.180503,0,My
2025-10-19T16:13:40.244268,0,My
2025-10-19T16:13:40.275931,0,My
2025-10-19T16:13:40.308389,0,My
2025-10-19T16:13:40.339881,0,My
2025-10-19T16:13:40.372140,0,My
2025-10-19T16:13:40.405677,0,My
2025-10-19T16:13:40.454225,0,My
2025-10-19T16:13:40.484262,0,My
2025-10-19T16:13:40.507205,0,My
2025-10-19T16:13:40.530752,0,My
2025-10-19T16:13:40.552436,0,My
2025-10-19T16:13:40.579787,0,My
2025-10-19T16:13:40.643121,0,My
2025-10-19T16:13:40.676271,0,My
2025-10-19T16:13:40.708003,0,My
2025-10-19T16:13:40.740236,0,My
2025-10-19T16:13:40.771746,0,My
2025-10-19T16:13:40.803314,0,My
2025-10-19T16:13:40.834562,0,My
2025-10-19T16:13:40.867821,0,My
2025-10-19T16:13:40.900291,0,My
2025-10-19T16:13:40.932098,0,My
2025-10-19T16:13:40.963607,0,My
2025-10-19T16:13:40.995753,0,My
2025-10-19T16:13:41.028542,0,My
2025-10-19T16:13:41.060564,0,My
2025-10-19T16:13:41.108506,0,My
2025-10-19T16:13:41.139686,0,My
2025-10-19T16:13:41.172449,0,My
2025-10-19T16:13:41.202614,0,My
2025-10-19T16:13:41.235834,0,My
2025-10-19T16:13:41.268405,0,My
2025-10-19T16:13:41.300208,0,My
2025-10-19T16:13:41.332310,0,My
2025-10-19T16:13:41.363179,0,My
2025-10-19T16:13:41.396232,0,My
2025-10-19T16:13:41.428266,0,My
2025-10-19T16:13:41.504776,0,My
2025-10-19T16:13:41.528285,0,My
2025-10-19T16:13:41.556044,0,My
2025-10-19T16:13:41.588055,0,My
2025-10-19T16:13:41.620374,0,My
2025-10-19T16:13:41.652475,0,My
2025-10-19T16:13:41.683988,0,My
2025-10-19T16:13:41.732611,0,My
2025-10-19T16:13:41.763433,0,My
2025-10-19T16:13:41.795926,0,My
2025-10-19T16:13:41.828307,0,My
2025-10-19T16:13:41.859868,0,My
2025-10-19T16:13:41.891512,0,My
2025-10-19T16:13:41.924667,0,My
2025-10-19T16:13:41.955390,0,My
2025-10-19T16:13:41.988688,0,My
2025-10-19T16:13:42.020142,0,My
2025-10-19T16:13:42.052290,0,My
2025-10-19T16:13:42.083868,0,My
2025-10-19T16:13:42.116224,0,My
2025-10-19T16:13:42.147155,0,My
2025-10-19T16:13:42.178967,0,My
2025-10-19T16:13:42.244234,0,My
2025-10-19T16:13:42.275953,0,My
2025-10-19T16:13:42.308221,0,My
2025-10-19T16:13:42.340536,0,My
2025-10-19T16:13:42.387805,0,My
2025-10-19T16:13:42.418934,0,My
2025-10-19T16:13:42.442496,0,My
2025-10-19T16:13:42.464481,0,My
2025-10-19T16:13:42.488301,0,My
2025-10-19T16:13:42.517097,0,My
2025-10-19T16:13:42.547929,0,My
2025-10-19T16:13:42.580148,0,My
2025-10-19T16:13:42.644352,0,My
2025-10-19T16:13:42.676135,0,My
2025-10-19T16:13:42.706794,0,My
2025-10-19T16:13:42.738948,0,My
2025-10-19T16:13:42.772041,0,My
2025-10-19T16:13:42.804118,0,My
2025-10-19T16:13:42.835414,0,My
2025-10-19T16:13:42.867969,0,My
2025-10-19T16:13:42.899968,0,My
2025-10-19T16:13:42.930942,0,My
2025-10-19T16:13:42.965144,0,My
2025-10-19T16:13:43.011389,0,My
2025-10-19T16:13:43.044280,0,My
2025-10-19T16:13:43.075897,0,My
2025-10-19T16:13:43.108155,0,My
2025-10-19T16:13:43.140356,0,My
2025-10-19T16:13:43.171421,0,My
2025-10-19T16:13:43.203581,0,My
2025-10-19T16:13:43.235379,0,My
2025-10-19T16:13:43.267451,0,My
2025-10-19T16:13:43.299635,0,My
2025-10-19T16:13:43.331678,0,My
2025-10-19T16:13:43.365595,0,My
2025-10-19T16:13:43.395129,0,My
2025-10-19T16:13:43.427172,0,My
2025-10-19T16:13:43.459981,0,My
2025-10-19T16:13:43.491405,0,My
2025-10-19T16:13:43.523964,0,My
2025-10-19T16:13:43.556181,0,My
2025-10-19T16:13:43.588033,0,My
2025-10-19T16:13:43.620189,0,My
2025-10-19T16:13:43.667629,0,My
2025-10-19T16:13:43.698671,0,My
2025-10-19T16:13:43.731646,0,My
2025-10-19T16:13:43.763683,0,My
2025-10-19T16:13:43.794801,0,My
2025-10-19T16:13:43.827083,0,My
2025-10-19T16:13:43.858949,0,My
2025-10-19T16:13:43.890484,0,My
2025-10-19T16:13:43.923197,0,My
2025-10-19T16:13:43.955924,0,My
2025-10-19T16:13:43.987305,0,My
2025-10-19T16:13:44.020353,0,My
2025-10-19T16:13:44.052166,0,My
2025-10-19T16:13:44.084302,0,My
2025-10-19T16:13:44.116452,0,My
2025-10-19T16:13:44.147587,0,My
2025-10-19T16:13:44.180427,0,My
2025-10-19T16:13:44.244619,0,My
2025-10-19T16:13:44.292436,0,My
2025-10-19T16:13:44.324413,0,My
2025-10-19T16:13:44.347410,0,My
2025-10-19T16:13:44.370953,0,My
2025-10-19T16:13:44.394300,0,My
2025-10-19T16:13:44.419001,0,My
2025-10-19T16:13:44.452435,0,My
2025-10-19T16:13:44.483581,0,My
2025-10-19T16:13:44.516511,0,My
2025-10-19T16:13:44.548441,0,My
2025-10-19T16:13:44.580422,0,My
2025-10-19T16:13:44.643474,0,My
2025-10-19T16:13:44.675927,0,My
2025-10-19T16:13:44.708415,0,My
2025-10-19T16:13:44.739444,0,My
2025-10-19T16:13:44.772338,0,My
2025-10-19T16:13:44.804130,0,My
2025-10-19T16:13:44.835401,0,My
2025-10-19T16:13:44.866626,0,My
2025-10-19T16:13:44.900350,0,My
2025-10-19T16:13:44.948281,0,My
2025-10-19T16:13:44.979907,0,My
2025-10-19T16:13:45.003482,0,My
2025-10-19T16:13:45.044049,0,My
2025-10-19T16:13:45.075951,0,My
2025-10-19T16:13:45.106830,0,My
2025-10-19T16:13:45.139372,0,My
2025-10-19T16:13:45.172088,0,My
2025-10-19T16:13:45.202910,0,My
2025-10-19T16:13:45.235567,0,My
2025-10-19T16:13:45.267249,0,My
2025-10-19T16:13:45.299884,0,My
2025-10-19T16:13:45.331725,0,My
2025-10-19T16:13:45.364427,0,My
2025-10-19T16:13:45.397074,0,My
2025-10-19T16:13:45.429258,0,My
2025-10-19T16:13:45.459893,0,My
2025-10-19T16:13:45.492055,0,My
2025-10-19T16:13:45.522637,0,My
2025-10-19T16:13:45.553754,0,My
2025-10-19T16:13:45.602831,0,My
2025-10-19T16:13:45.635987,0,My
2025-10-19T16:13:45.667806,0,My
2025-10-19T16:13:45.699050,0,My
2025-10-19T16:13:45.732058,0,My
2025-10-19T16:13:45.763722,0,My
2025-10-19T16:13:45.795544,0,My
2025-10-19T16:13:45.828341,0,My
2025-10-19T16:13:45.860773,0,My
2025-10-19T16:13:45.891581,0,My
2025-10-19T16:13:45.923845,0,My
2025-10-19T16:13:45.955715,0,My
2025-10-19T16:13:45.986790,0,My
2025-10-19T16:13:46.018836,0,My
2025-10-19T16:13:46.052282,0,My
2025-10-19T16:13:46.083812,0,My
2025-10-19T16:13:46.116349,0,My
2025-10-19T16:13:46.148396,0,My
2025-10-19T16:13:46.179940,0,My
2025-10-19T16:13:46.259457,0,My
2025-10-19T16:13:46.282046,0,My
2025-10-19T16:13:46.304103,0,My
2025-10-19T16:13:46.326192,0,My
2025-10-19T16:13:46.356300,0,My
2025-10-19T16:13:46.386854,0,My
2025-10-19T16:13:46.419765,0,My
2025-10-19T16:13:46.452194,0,My
2025-10-19T16:13:46.484071,0,My
2025-10-19T16:13:46.516388,0,My
2025-10-19T16:13:46.546645,0,My
2025-10-19T16:13:46.580112,0,My
2025-10-19T16:13:46.644411,0,My
2025-10-19T16:13:46.676005,0,My
2025-10-19T16:13:46.708930,0,My
2025-10-19T16:13:46.740512,0,My
2025-10-19T16:13:46.772270,0,My
2025-10-19T16:13:46.803871,0,My
2025-10-19T16:13:46.835386,0,My
2025-10-19T16:13:46.883360,0,My
2025-10-19T16:13:46.906910,0,My
2025-10-19T16:13:46.929468,0,My
2025-10-19T16:13:46.952667,0,My
2025-10-19T16:13:46.980232,0,My
2025-10-19T16:13:47.043585,0,My
2025-10-19T16:13:47.076334,0,My
2025-10-19T16:13:47.108060,0,My
2025-10-19T16:13:47.139585,0,My
2025-10-19T16:13:47.171310,0,My
2025-10-19T16:13:47.205807,0,My
2025-10-19T16:13:47.236365,0,My
2025-10-19T16:13:47.268067,0,My
2025-10-19T16:13:47.300313,0,My
2025-10-19T16:13:47.331647,0,My
2025-10-19T16:13:47.365719,0,My
2025-10-19T16:13:47.396259,0,My
2025-10-19T16:13:47.429382,0,My
2025-10-19T16:13:47.461420,0,My
2025-10-19T16:13:47.508255,0,My
2025-10-19T16:13:47.539912,0,My
2025-10-19T16:13:47.571857,0,My
2025-10-19T16:13:47.604430,0,My
2025-10-19T16:13:47.636286,0,My
2025-10-19T16:13:47.667394,0,My
2025-10-19T16:13:47.700049,0,My
2025-10-19T16:13:47.732387,0,My
2025-10-19T16:13:47.763851,0,My
2025-10-19T16:13:47.794678,0,My
2025-10-19T16:13:47.827740,0,My
2025-10-19T16:13:47.860561,0,My
2025-10-19T16:13:47.891458,0,My
2025-10-19T16:13:47.924478,0,My
2025-10-19T16:13:47.956184,0,My
2025-10-19T16:13:47.988495,0,My
2025-10-19T16:13:48.021492,0,My
2025-10-19T16:13:48.052000,0,My
2025-10-19T16:13:48.084251,0,My
2025-10-19T16:13:48.115725,0,My
2025-10-19T16:13:48.164424,0,My
2025-10-19T16:13:48.196066,0,My
2025-10-19T16:13:48.228368,0,My
2025-10-19T16:13:48.259185,0,My
2025-10-19T16:13:48.291925,0,My
2025-10-19T16:13:48.324214,0,My
2025-10-19T16:13:48.354697,0,My
2025-10-19T16:13:48.388536,0,My
2025-10-19T16:13:48.420187,0,My
2025-10-19T16:13:48.452034,0,My
2025-10-19T16:13:48.484339,0,My
2025-10-19T16:13:48.516142,0,My
2025-10-19T16:13:48.548810,0,My
2025-10-19T16:13:48.579792,0,My
2025-10-19T16:13:48.644435,0,My
2025-10-19T16:13:48.675938,0,My
2025-10-19T16:13:48.707964,0,My
2025-10-19T16:13:48.740298,0,My
2025-10-19T16:13:48.787986,0,My
2025-10-19T16:13:48.821496,0,My
2025-10-19T16:13:48.845791,0,My
2025-10-19T16:13:48.869937,0,My
2025-10-19T16:13:48.892538,0,My
2025-10-19T16:13:48.917099,0,My
2025-10-19T16:13:48.947274,0,My
2025-10-19T16:13:48.979768,0,My
2025-10-19T16:13:49.044437,0,My
2025-10-19T16:13:49.076081,0,My
2025-10-19T16:13:49.108273,0,My
2025-10-19T16:13:49.839584,0,My
2025-10-19T16:13:49.862224,0,My
2025-10-19T16:13:49.891932,0,My
2025-10-19T16:13:49.924052,0,My
2025-10-19T16:13:49.956197,0,My
2025-10-19T16:13:49.987062,0,My
2025-10-19T16:13:50.019854,0,My
2025-10-19T16:13:50.068981,0,My
2025-10-19T16:13:50.100202,0,My
2025-10-19T16:13:50.133398,0,My
2025-10-19T16:13:50.163137,0,My
2025-10-19T16:13:50.196319,0,My
2025-10-19T16:13:50.229001,0,My
2025-10-19T16:13:50.260439,0,My
2025-10-19T16:13:50.291576,0,My
2025-10-19T16:13:50.323627,0,My
2025-10-19T16:13:50.355467,0,My
2025-10-19T16:13:50.387747,0,My
2025-10-19T16:13:50.419801,0,My
2025-10-19T16:13:50.454963,0,My
2025-10-19T16:13:50.487637,0,My
2025-10-19T16:13:50.516486,0,My
2025-10-19T16:13:50.547911,0,My
2025-10-19T16:13:50.579544,0,My
2025-10-19T16:13:50.645069,0,My
2025-10-19T16:13:50.675852,0,My
2025-10-19T16:13:50.724148,0,My
2025-10-19T16:13:50.755806,0,My
2025-10-19T16:13:50.778720,0,My
2025-10-19T16:13:50.800979,0,My
2025-10-19T16:13:50.823955,0,My
2025-10-19T16:13:50.851775,0,My
2025-10-19T16:13:50.884031,0,My
2025-10-19T16:13:50.916159,0,My
2025-10-19T16:13:50.946987,0,My
2025-10-19T16:13:50.980131,0,My
2025-10-19T16:13:51.044567,0,My
2025-10-19T16:13:51.075881,0,My
2025-10-19T16:13:51.107408,0,My
2025-10-19T16:13:51.138948,0,My
2025-10-19T16:13:51.171925,0,My
2025-10-19T16:13:51.204077,0,My
2025-10-19T16:13:51.237627,0,My
2025-10-19T16:13:51.269138,0,My
2025-10-19T16:13:51.300396,0,My
2025-10-19T16:13:51.348347,0,My
2025-10-19T16:13:51.380080,0,My
2025-10-19T16:13:51.403316,0,My
2025-10-19T16:13:51.442905,0,My
2025-10-19T16:13:51.477401,0,My
2025-10-19T16:13:51.507427,0,My
2025-10-19T16:13:51.540202,0,My
2025-10-19T16:13:51.572648,0,My
2025-10-19T16:13:51.603079,0,My
2025-10-19T16:13:51.635426,0,My
2025-10-19T16:13:51.667438,0,My
2025-10-19T16:13:51.698915,0,My
2025-10-19T16:13:51.730275,0,My
2025-10-19T16:13:51.762953,0,My
2025-10-19T16:13:51.797575,0,My
2025-10-19T16:13:51.828534,0,My
2025-10-19T16:13:51.859527,0,My
2025-10-19T16:13:51.891291,0,My
2025-10-19T16:13:51.923546,0,My
2025-10-19T16:13:51.955724,0,My
2025-10-19T16:13:52.004548,0,My
2025-10-19T16:13:52.036286,0,My
2025-10-19T16:13:52.068000,0,My
2025-10-19T16:13:52.099945,0,My
2025-10-19T16:13:52.130761,0,My
2025-10-19T16:13:52.164404,0,My
2025-10-19T16:13:52.195645,0,My
2025-10-19T16:13:52.228195,0,My
2025-10-19T16:13:52.260001,0,My
2025-10-19T16:13:52.292014,0,My
2025-10-19T16:13:52.322795,0,My
2025-10-19T16:13:52.356030,0,My
2025-10-19T16:13:52.388522,0,My
2025-10-19T16:13:52.419260,0,My
2025-10-19T16:13:52.452339,0,My
2025-10-19T16:13:52.484350,0,My
2025-10-19T16:13:52.515889,0,My
2025-10-19T16:13:52.548816,0,My
2025-10-19T16:13:52.580462,0,My
2025-10-19T16:13:52.659418,0,My
2025-10-19T16:13:52.682964,0,My
2025-10-19T16:13:52.706160,0,My
2025-10-19T16:13:52.729773,0,My
2025-10-19T16:13:52.755927,0,My
2025-10-19T16:13:52.788556,0,My
2025-10-19T16:13:52.820292,0,My
2025-10-19T16:13:52.851420,0,My
2025-10-19T16:13:52.883836,0,My
2025-10-19T16:13:52.916403,0,My
2025-10-19T16:13:52.946670,0,My
2025-10-19T16:13:52.979937,0,My
2025-10-19T16:13:53.044263,0,My
2025-10-19T16:13:53.075740,0,My
2025-10-19T16:13:53.107203,0,My
2025-10-19T16:13:53.140365,0,My
2025-10-19T16:13:53.172338,0,My
2025-10-19T16:13:53.203904,0,My
2025-10-19T16:13:53.236262,0,My
2025-10-19T16:13:53.284734,0,My
2025-10-19T16:13:53.315635,0,My
